{
  "buildCommand": "npm run build",
  "devCommand": "npm run dev",
  "installCommand": "npm ci",
  "framework": "nextjs",
  "regions": ["iad1"],
  "env": {
    "NODE_ENV": "production"
  },
  "build": {
    "env": {
      "NEXT_TELEMETRY_DISABLED": "1"
    }
  },
  "functions": {
    "src/app/api/market/scrape/route.ts": {
      "maxDuration": 30
    },
    "src/app/api/market/panama-permits/route.ts": {
      "maxDuration": 45
    }
  },
  "headers": [
    {
      "source": "/(.*)",
      "headers": [
        {
          "key": "X-Frame-Options",
          "value": "DENY"
        },
        {
          "key": "X-Content-Type-Options",
          "value": "nosniff"
        },
        {
          "key": "Referrer-Policy",
          "value": "origin-when-cross-origin"
        },
        {
          "key": "Permissions-Policy",
          "value": "camera=(), microphone=(), geolocation=()"
        }
      ]
    }
  ],
  "rewrites": [
    {
      "source": "/health",
      "destination": "/api/health"
    }
  ]
}
